<?xml version="1.0" encoding="UTF-8"?>
<beans xmlns="http://www.springframework.org/schema/beans"
	xmlns:xsi="http://www.w3.org/2001/XMLSchema-instance" xmlns:p="http://www.springframework.org/schema/p"
	xmlns:context="http://www.springframework.org/schema/context"
	xmlns:mvc="http://www.springframework.org/schema/mvc" xmlns:tx="http://www.springframework.org/schema/tx"
xsi:schemaLocation="http://www.springframework.org/schema/beans
		http://www.springframework.org/schema/beans/spring-beans-3.0.xsd
		http://www.springframework.org/schema/context
		http://www.springframework.org/schema/context/spring-context-3.0.xsd
		http://www.springframework.org/schema/mvc
	http://www.springframework.org/schema/mvc/spring-mvc-3.0.xsd
	http://www.springframework.org/schema/tx 
	http://www.springframework.org/schema/tx/spring-tx.xsd">
	
	<bean id="iBranchService" class="in.extremityindia.ibanking.apps.serviceimpl.BranchServiceImpl"></bean>
	<bean id="iBranchDao"  class="in.extremityindia.ibanking.apps.daoimpl.BranchDaoImpl"></bean>
	
	<bean id="iApprovalService" class="in.extremityindia.ibanking.apps.serviceimpl.ApprovalServiceImpl"/>
	<bean id="iApprovalDao" class="in.extremityindia.ibanking.apps.daoimpl.ApprovalDaoImpl"/>
	
	<bean id="newCustomerRegisterServiceImpl" class="in.extremityindia.ibanking.apps.serviceimpl.NewCustomerRegisterServiceImpl">
	</bean>
	<bean id="newCustomerRegisterDaoImpl" class="in.extremityindia.ibanking.apps.daoimpl.NewCustomerRegistrationDaoImpl"></bean>
	
</beans>