<?xml version="1.0" encoding="UTF-8"?>
<beans:beans xmlns="http://www.springframework.org/schema/mvc"
	xmlns:mvc="http://www.springframework.org/schema/mvc" xmlns:xsi="http://www.w3.org/2001/XMLSchema-instance"
	xmlns:beans="http://www.springframework.org/schema/beans"
	xmlns:context="http://www.springframework.org/schema/context" xmlns:tx="http://www.springframework.org/schema/tx"
	xsi:schemaLocation="http://www.springframework.org/schema/mvc 
		http://www.springframework.org/schema/mvc/spring-mvc.xsd
        http://www.springframework.org/schema/context 
        http://www.springframework.org/schema/context/spring-context.xsd
        http://www.springframework.org/schema/tx 
        http://www.springframework.org/schema/tx/spring-tx-4.0.xsd
        http://www.springframework.org/schema/beans
		http://www.springframework.org/schema/beans/spring-beans-3.0.xsd
		http://www.springframework.org/schema/context
		http://www.springframework.org/schema/context/spring-context-3.0.xsd
		http://www.springframework.org/schema/mvc
		http://www.springframework.org/schema/mvc/spring-mvc-3.0.xsd">

	<!-- Enables the Spring MVC @Controller programming model -->
	<annotation-driven />

	<context:component-scan base-package="in.extremityindia.ibanking.apps.controllers" />

	<beans:import resource="/configs/beans.xml" />
	<beans:import resource="/configs/admin_beans.xml" />
	<beans:import resource="/configs/customer_beans.xml" />


	<mvc:resources mapping="/resources/**" location="/resources/"></mvc:resources>
	<mvc:default-servlet-handler />
	<beans:bean id="messageSource"
		class="org.springframework.context.support.ReloadableResourceBundleMessageSource">
		<beans:property name="basename" value="classpath:messages" />
		<beans:property name="defaultEncoding" value="UTF-8" />
	</beans:bean>

	<mvc:interceptors>
		<beans:bean
			class="org.springframework.web.servlet.i18n.LocaleChangeInterceptor">
			<beans:property name="paramName" value="lang" />
		</beans:bean>
	</mvc:interceptors>

	<!-- Configure the multipart resolver -->
	<beans:bean id="multipartResolver"
		class="org.springframework.web.multipart.commons.CommonsMultipartResolver">
		<!-- one of the properties available; the maximum file size in bytes -->
		<beans:property name="maxUploadSize" value="10000000" />
	</beans:bean>

	<beans:bean id="localeResolver"
		class="org.springframework.web.servlet.i18n.SessionLocaleResolver">
		<beans:property name="defaultLocale" value="en" />
	</beans:bean>


	<!-- Register the welcome.properties -->

	<beans:bean id="viewResolver"
		class="org.springframework.web.servlet.view.UrlBasedViewResolver">
		<beans:property name="viewClass">
			<beans:value>
				org.springframework.web.servlet.view.tiles2.TilesView
			</beans:value>
		</beans:property>
	</beans:bean>
	<beans:bean id="tilesConfigurer"
		class="org.springframework.web.servlet.view.tiles2.TilesConfigurer">
		<beans:property name="definitions">
			<beans:list>
				<beans:value>/WEB-INF/tiles.xml</beans:value>
			</beans:list>
		</beans:property>
	</beans:bean>

	<!-- This is Database Configuration -->
	<beans:bean id="dataSource"
		class="org.springframework.jdbc.datasource.DriverManagerDataSource">
		<beans:property name="driverClassName">
			<beans:value>com.mysql.jdbc.Driver</beans:value>
		</beans:property>
		<beans:property name="url">
			<beans:value>jdbc:mysql://localhost:3306/bankingdomain</beans:value>
		</beans:property>
		<beans:property name="username">
			<beans:value>root</beans:value>
		</beans:property>
		<beans:property name="password">
			<beans:value>root</beans:value>
		</beans:property>
	</beans:bean>




	<beans:bean id="hibernateSessionFactory"
		class="org.springframework.orm.hibernate3.annotation.AnnotationSessionFactoryBean">
		<beans:property name="dataSource" ref="dataSource" />
		<beans:property name="annotatedClasses">
			<beans:list>
				<beans:value>in.extremityindia.ibanking.apps.beans.Account
				</beans:value>
				<beans:value>in.extremityindia.ibanking.apps.beans.BankBranch
				</beans:value>
				<beans:value>in.extremityindia.ibanking.apps.beans.City
				</beans:value>
				<beans:value>in.extremityindia.ibanking.apps.beans.Customer
				</beans:value>
				<beans:value>in.extremityindia.ibanking.apps.beans.Location
				</beans:value>
				<beans:value>in.extremityindia.ibanking.apps.beans.Login
				</beans:value>
				<beans:value>in.extremityindia.ibanking.apps.beans.MapAccountCustomer
				</beans:value>
				<beans:value>in.extremityindia.ibanking.apps.beans.State
				</beans:value>
				<beans:value>in.extremityindia.ibanking.apps.beans.Transaction
				</beans:value>
				<beans:value>in.extremityindia.ibanking.apps.beans.User
				</beans:value>
			</beans:list>
		</beans:property>
		<beans:property name="hibernateProperties">
			<beans:props>
				<beans:prop key="hibernate.dialect">org.hibernate.dialect.MySQLDialect
				</beans:prop>
				<beans:prop key="hibernate.show_sql">true</beans:prop>
				<beans:prop key="hibernate.hbm2ddl.auto">update</beans:prop>
			</beans:props>
		</beans:property>
	</beans:bean>


	<beans:bean id="transactionManager"
		class="org.springframework.orm.hibernate3.HibernateTransactionManager">
		<beans:property name="sessionFactory" ref="hibernateSessionFactory" />
	</beans:bean>

<beans:bean id="mailSender" class="org.springframework.mail.javamail.JavaMailSenderImpl">
		<beans:property name="host" value="smtp.gmail.com" />
		<beans:property name="port" value="587" />
		<beans:property name="username" value="tanveer.bobade@gmail.com" />
		<beans:property name="password" value="T@nu8600" />
		<beans:property name="javaMailProperties">
			<beans:props>
				<beans:prop key="mail.transport.protocol">smtp</beans:prop>
				<beans:prop key="mail.smtp.auth">true</beans:prop>
				<beans:prop key="mail.smtp.starttls.enable">true</beans:prop>
			</beans:props>
		</beans:property>
	</beans:bean>
</beans:beans>