<?xml version="1.0" encoding="UTF-8"?>
<!DOCTYPE tiles-definitions PUBLIC
       "-//Apache Software Foundation//DTD Tiles Configuration 2.0//EN"
       "http://tiles.apache.org/dtds/tiles-config_2_0.dtd">
<tiles-definitions>

	<!--base.definition -->

	<definition name="base.definition" template="/WEB-INF/jsp/modules_views/template.jsp">
		<put-attribute name="title" value="Welcome To iBanking" />
		<put-attribute name="header" value="" />
		<put-attribute name="subheader" value="" />
		<put-attribute name="body" value="" />
		<put-attribute name="menu" value="" />
		<put-attribute name="footer" value="/WEB-INF/jsp/modules_views/footer.jsp" />
	</definition>

	<definition name="user.definition" extends="base.definition">
		<put-attribute name="title" value="Welcome To iBanking" />
		<put-attribute name="header" value="/WEB-INF/jsp/modules_views/usersheader.jsp" />
		<put-attribute name="subheader" value=" " />
		<put-attribute name="body" value="" />
		<put-attribute name="menu" value="" />
	</definition>

	<definition name="globalbase.definition" extends="base.definition">
		<put-attribute name="title" value="Welcome To iBanking" />
		<put-attribute name="header" value="/WEB-INF/jsp/modules_views/header.jsp" />
		<put-attribute name="subheader" value=" " />
		<put-attribute name="body" value="" />
	</definition>

	<!-- end -->

	<definition name="globalHome" extends="globalbase.definition">
		<put-attribute name="title" value="Welcome To iBanking" />
		<put-attribute name="body" value="/WEB-INF/jsp/site_views/welcome.jsp" />
	</definition>

	<definition name="adminHome" extends="user.definition">
		<put-attribute name="title" value="Welcome To Admin Dashboard" />
		<put-attribute name="subheader" value="/WEB-INF/jsp/modules_views/admin_menu/subheader.jsp" />
		<put-attribute name="body" value="/WEB-INF/jsp/admin_views/adminHome.jsp" />
	</definition>

	<definition name="customerHome" extends="user.definition">
		<put-attribute name="title" value="Welcome To Customer Dashboard" />
		<put-attribute name="subheader" value="/WEB-INF/jsp/modules_views/customer_menu/subheader.jsp" />
		<put-attribute name="body" value="/WEB-INF/jsp/customer_views/customerHome.jsp" />
		<!-- <put-attribute name="subheader" value="/WEB-INF/jsp/modules_views/customer_menu/subheader.jsp" /> -->
	</definition>
	
						<!-- FOR CUSTOMER MENU -->
						
	<definition name="profilemenu" extends="user.definition">
		<put-attribute name="title" value="Welcome To Customer Dashboard" />
		<put-attribute name="subheader" value="/WEB-INF/jsp/modules_views/customer_menu/subheader.jsp" />
		<put-attribute name="body" value="" />
		<put-attribute name="menu" value="/WEB-INF/jsp/modules_views/customer_menu/profilemenu.jsp"/> 
	</definition>

	<definition name="myAccountsmenu" extends="user.definition">
		<put-attribute name="title" value="Welcome To Customer Dashboard" />
		<put-attribute name="subheader" value="/WEB-INF/jsp/modules_views/customer_menu/subheader.jsp" />
		<put-attribute name="body" value="" />
		<put-attribute name="menu" value="/WEB-INF/jsp/modules_views/customer_menu/myAccountsmenu.jsp"/>
	</definition>
	
	<definition name="payment_transfermenu" extends="user.definition">
		<put-attribute name="title" value="Welcome To Customer Dashboard" />
		<put-attribute name="subheader" value="/WEB-INF/jsp/modules_views/customer_menu/subheader.jsp" />
		<put-attribute name="body" value="" />
		<put-attribute name="menu" value="/WEB-INF/jsp/modules_views/customer_menu/payment_transfermenu.jsp"/>
	</definition>
	
	<definition name="e-servicesmenu" extends="user.definition">
		<put-attribute name="title" value="Welcome To Customer Dashboard" />
		<put-attribute name="subheader" value="/WEB-INF/jsp/modules_views/customer_menu/subheader.jsp" />
		<put-attribute name="body" value="" />
		<put-attribute name="menu" value="/WEB-INF/jsp/modules_views/customer_menu/e-servicesmenu.jsp"/>
	</definition>

							<!-- CUSTOMER MENU END -->
							
							
							<!-- FOR ADMIN MENU -->
							
	<definition name="approvalmenu" extends="user.definition">
		<put-attribute name="title" value="Welcome To Customer Dashboard" />
		<put-attribute name="subheader" value="/WEB-INF/jsp/modules_views/admin_menu/subheader.jsp" /> 
		<put-attribute name="body" value=" "/>
		<put-attribute name="menu" value="/WEB-INF/jsp/modules_views/admin_menu/approvalmenu.jsp"/> 
	</definition>

	<definition name="branchmenu" extends="user.definition">
		<put-attribute name="title" value="Welcome To Customer Dashboard" />
		<put-attribute name="subheader" value="/WEB-INF/jsp/modules_views/admin_menu/subheader.jsp" />
		<put-attribute name="body" value=" "/>
		<put-attribute name="menu" value="/WEB-INF/jsp/modules_views/admin_menu/branchmenu.jsp"/>
	</definition>
	
	<definition name="customermenu" extends="user.definition">
		<put-attribute name="title" value="Welcome To Customer Dashboard" />
		<put-attribute name="subheader" value="/WEB-INF/jsp/modules_views/admin_menu/subheader.jsp" />
		<put-attribute name="body" value=" "/>
		<put-attribute name="menu" value="/WEB-INF/jsp/modules_views/admin_menu/customermenu.jsp"/>
	</definition>
	
	<definition name="reportmenu" extends="user.definition">
		<put-attribute name="title" value="Welcome To Customer Dashboard" />
		<put-attribute name="subheader" value="/WEB-INF/jsp/modules_views/admin_menu/subheader.jsp" /> 
		<put-attribute name="body" value=" "/>
		<put-attribute name="menu" value="/WEB-INF/jsp/modules_views/admin_menu/reportmenu.jsp"/>
	</definition>						
							
							<!-- ADMIN MENU END -->
</tiles-definitions>